2026-05-06T13:03:10.750751,ORY,NAT,2026-08-15,979,,
2026-05-06T13:03:10.750769,ORY,NAT,2026-08-15,1112,,
2026-05-06T13:03:10.750773,ORY,NAT,2026-08-15,1170,,
2026-05-06T13:03:10.750776,ORY,NAT,2026-08-15,1245,,
2026-05-06T13:03:10.750778,ORY,NAT,2026-08-15,1420,,
2026-05-06T13:03:10.750781,ORY,NAT,2026-08-15,1543,,
2026-05-06T13:03:10.750783,ORY,NAT,2026-08-15,1660,,
2026-05-06T13:25:06.600151,ORY,NAT,2026-08-15,979,,
2026-05-06T13:25:06.600176,ORY,NAT,2026-08-15,1112,,
2026-05-06T13:25:06.600180,ORY,NAT,2026-08-15,1170,,
2026-05-06T13:25:06.600183,ORY,NAT,2026-08-15,1244,,
2026-05-06T13:25:06.600186,ORY,NAT,2026-08-15,1420,,
2026-05-06T13:25:06.600188,ORY,NAT,2026-08-15,1543,,
2026-05-06T13:25:06.600191,ORY,NAT,2026-08-15,1660,,
2026-05-06T21:17:26.368723,ORY,NAT,2026-08-15,978,,
2026-05-06T21:17:26.368746,ORY,NAT,2026-08-15,986,,
2026-05-06T21:17:26.368750,ORY,NAT,2026-08-15,1029,,
2026-05-06T21:17:26.368753,ORY,NAT,2026-08-15,1111,,
2026-05-06T21:17:26.368756,ORY,NAT,2026-08-15,1222,,
2026-05-06T21:17:26.368758,ORY,NAT,2026-08-15,1443,,
2026-05-06T21:17:26.368760,ORY,NAT,2026-08-15,1559,,
2026-05-06T21:17:26.368762,ORY,NAT,2026-08-15,1687,,
2026-05-07T10:08:10.157914,ORY,NAT,2026-09-18,988,,
2026-05-07T10:08:10.157934,ORY,NAT,2026-09-18,991,,
2026-05-07T10:08:10.157938,ORY,NAT,2026-09-18,1183,,
2026-05-07T10:08:10.157941,ORY,NAT,2026-09-18,1280,,
2026-05-07T10:08:10.157943,ORY,NAT,2026-09-18,1295,,
2026-05-07T10:08:10.157946,ORY,NAT,2026-09-18,1319,,
2026-05-07T10:08:10.157948,ORY,NAT,2026-09-18,1325,,
2026-05-07T10:08:10.157951,ORY,NAT,2026-09-18,1348,,
2026-05-07T10:08:10.157953,ORY,NAT,2026-09-18,1690,,
2026-05-07T14:33:28.773126,ORY,NAT,2026-09-18,988,,
2026-05-07T14:33:28.773145,ORY,NAT,2026-09-18,1183,,
2026-05-07T14:33:28.773149,ORY,NAT,2026-09-18,1265,,
2026-05-07T14:33:28.773152,ORY,NAT,2026-09-18,1265,,
2026-05-07T14:33:28.773155,ORY,NAT,2026-09-18,1265,,
2026-05-07T14:33:28.773157,ORY,NAT,2026-09-18,1281,,
2026-05-07T14:33:28.773160,ORY,NAT,2026-09-18,1295,,
2026-05-07T14:33:28.773162,ORY,NAT,2026-09-18,1320,,
2026-05-07T14:33:28.773165,ORY,NAT,2026-09-18,1326,,
2026-05-07T14:33:28.773167,ORY,NAT,2026-09-18,1348,,
2026-05-07T14:33:28.773170,ORY,NAT,2026-09-18,1690,,
2026-05-07T19:49:11.630165,ORY,NAT,2026-09-18,986,,
2026-05-07T19:49:11.630188,ORY,NAT,2026-09-18,1181,,
2026-05-07T19:49:11.630192,ORY,NAT,2026-09-18,1263,,
2026-05-07T19:49:11.630195,ORY,NAT,2026-09-18,1263,,
2026-05-07T19:49:11.630198,ORY,NAT,2026-09-18,1263,,
2026-05-07T19:49:11.630200,ORY,NAT,2026-09-18,1283,,
2026-05-07T19:49:11.630202,ORY,NAT,2026-09-18,1293,,
2026-05-07T19:49:11.630205,ORY,NAT,2026-09-18,1317,,
2026-05-07T19:49:11.630207,ORY,NAT,2026-09-18,1323,,
2026-05-07T19:49:11.630209,ORY,NAT,2026-09-18,1346,,
2026-05-07T19:49:11.630212,ORY,NAT,2026-09-18,1688,,
2026-05-08T03:38:57.416630,ORY,NAT,2026-09-18,984,,
2026-05-08T03:38:57.416651,ORY,NAT,2026-09-18,1179,,
2026-05-08T03:38:57.416656,ORY,NAT,2026-09-18,1260,,
2026-05-08T03:38:57.416659,ORY,NAT,2026-09-18,1260,,
2026-05-08T03:38:57.416661,ORY,NAT,2026-09-18,1260,,
2026-05-08T03:38:57.416664,ORY,NAT,2026-09-18,1281,,
2026-05-08T03:38:57.416666,ORY,NAT,2026-09-18,1291,,
2026-05-08T03:38:57.416668,ORY,NAT,2026-09-18,1300,,
2026-05-08T03:38:57.416670,ORY,NAT,2026-09-18,1321,,
2026-05-08T03:38:57.416673,ORY,NAT,2026-09-18,1344,,
2026-05-08T03:38:57.416675,ORY,NAT,2026-09-18,1685,,
2026-05-08T07:50:25.025629,ORY,NAT,2026-09-18,986,,
2026-05-08T07:50:25.025652,ORY,NAT,2026-09-18,1181,,
2026-05-08T07:50:25.025656,ORY,NAT,2026-09-18,1262,,
2026-05-08T07:50:25.025659,ORY,NAT,2026-09-18,1262,,
2026-05-08T07:50:25.025662,ORY,NAT,2026-09-18,1262,,
2026-05-08T07:50:25.025664,ORY,NAT,2026-09-18,1283,,
2026-05-08T07:50:25.025666,ORY,NAT,2026-09-18,1293,,
2026-05-08T07:50:25.025668,ORY,NAT,2026-09-18,1302,,
2026-05-08T07:50:25.025671,ORY,NAT,2026-09-18,1323,,
2026-05-08T07:50:25.025673,ORY,NAT,2026-09-18,1346,,
2026-05-08T07:50:25.025675,ORY,NAT,2026-09-18,1687,,
2026-05-08T14:05:48.727037,ORY,NAT,2026-09-18,988,,
2026-05-08T14:05:48.727056,ORY,NAT,2026-09-18,991,,
2026-05-08T14:05:48.727059,ORY,NAT,2026-09-18,1209,,
2026-05-08T14:05:48.727062,ORY,NAT,2026-09-18,1281,,
2026-05-08T14:05:48.727065,ORY,NAT,2026-09-18,1295,,
2026-05-08T14:05:48.727067,ORY,NAT,2026-09-18,1319,,
2026-05-08T14:05:48.727070,ORY,NAT,2026-09-18,1348,,
2026-05-08T14:05:48.727072,ORY,NAT,2026-09-18,1354,,
2026-05-08T14:05:48.727075,ORY,NAT,2026-09-18,1690,,
2026-05-08T14:05:48.727077,ORY,NAT,2026-09-18,1690,,
2026-05-08T19:39:09.574209,ORY,NAT,2026-09-18,989,,
2026-05-08T19:39:09.574230,ORY,NAT,2026-09-18,1210,,
2026-05-08T19:39:09.574234,ORY,NAT,2026-09-18,1266,,
2026-05-08T19:39:09.574237,ORY,NAT,2026-09-18,1266,,
2026-05-08T19:39:09.574239,ORY,NAT,2026-09-18,1266,,
2026-05-08T19:39:09.574242,ORY,NAT,2026-09-18,1287,,
2026-05-08T19:39:09.574245,ORY,NAT,2026-09-18,1296,,
2026-05-08T19:39:09.574247,ORY,NAT,2026-09-18,1321,,
2026-05-08T19:39:09.574249,ORY,NAT,2026-09-18,1350,,
2026-05-08T19:39:09.574252,ORY,NAT,2026-09-18,1355,,
2026-05-08T19:39:09.574254,ORY,NAT,2026-09-18,1692,,
2026-05-08T19:39:09.574257,ORY,NAT,2026-09-18,1692,,
2026-05-09T03:40:03.742472,ORY,NAT,2026-09-18,990,,
2026-05-09T03:40:03.742491,ORY,NAT,2026-09-18,1211,,
2026-05-09T03:40:03.742495,ORY,NAT,2026-09-18,1267,,
2026-05-09T03:40:03.742498,ORY,NAT,2026-09-18,1267,,
2026-05-09T03:40:03.742501,ORY,NAT,2026-09-18,1267,,
2026-05-09T03:40:03.742503,ORY,NAT,2026-09-18,1283,,
2026-05-09T03:40:03.742505,ORY,NAT,2026-09-18,1298,,
2026-05-09T03:40:03.742508,ORY,NAT,2026-09-18,1322,,
2026-05-09T03:40:03.742510,ORY,NAT,2026-09-18,1351,,
2026-05-09T03:40:03.742512,ORY,NAT,2026-09-18,1357,,
2026-05-09T03:40:03.742515,ORY,NAT,2026-09-18,1694,,
2026-05-09T03:40:03.742517,ORY,NAT,2026-09-18,1694,,
2026-05-09T08:04:23.366374,ORY,NAT,2026-09-18,990,,
2026-05-09T08:04:23.366396,ORY,NAT,2026-09-18,1211,,
2026-05-09T08:04:23.366402,ORY,NAT,2026-09-18,1267,,
2026-05-09T08:04:23.366405,ORY,NAT,2026-09-18,1267,,
2026-05-09T08:04:23.366408,ORY,NAT,2026-09-18,1267,,
2026-05-09T08:04:23.366410,ORY,NAT,2026-09-18,1283,,
2026-05-09T08:04:23.366412,ORY,NAT,2026-09-18,1298,,
2026-05-09T08:04:23.366415,ORY,NAT,2026-09-18,1322,,
2026-05-09T08:04:23.366417,ORY,NAT,2026-09-18,1351,,
2026-05-09T08:04:23.366419,ORY,NAT,2026-09-18,1357,,
2026-05-09T08:04:23.366422,ORY,NAT,2026-09-18,1694,,
2026-05-09T08:04:23.366424,ORY,NAT,2026-09-18,1694,,
2026-05-09T13:40:57.083727,ORY,NAT,2026-09-18,989,,
2026-05-09T13:40:57.083748,ORY,NAT,2026-09-18,1211,,
2026-05-09T13:40:57.083752,ORY,NAT,2026-09-18,1267,,
2026-05-09T13:40:57.083755,ORY,NAT,2026-09-18,1267,,
2026-05-09T13:40:57.083758,ORY,NAT,2026-09-18,1267,,
2026-05-09T13:40:57.083761,ORY,NAT,2026-09-18,1288,,
2026-05-09T13:40:57.083763,ORY,NAT,2026-09-18,1297,,
2026-05-09T13:40:57.083766,ORY,NAT,2026-09-18,1322,,
2026-05-09T13:40:57.083768,ORY,NAT,2026-09-18,1351,,
2026-05-09T13:40:57.083771,ORY,NAT,2026-09-18,1356,,
2026-05-09T13:40:57.083773,ORY,NAT,2026-09-18,1693,,
2026-05-09T13:40:57.083776,ORY,NAT,2026-09-18,1693,,
2026-05-09T19:13:48.394108,ORY,NAT,2026-09-18,989,,
2026-05-09T19:13:48.394126,ORY,NAT,2026-09-18,1211,,
2026-05-09T19:13:48.394131,ORY,NAT,2026-09-18,1267,,
2026-05-09T19:13:48.394134,ORY,NAT,2026-09-18,1267,,
2026-05-09T19:13:48.394136,ORY,NAT,2026-09-18,1267,,
2026-05-09T19:13:48.394139,ORY,NAT,2026-09-18,1288,,
2026-05-09T19:13:48.394160,ORY,NAT,2026-09-18,1297,,
2026-05-09T19:13:48.394163,ORY,NAT,2026-09-18,1307,,
2026-05-09T19:13:48.394166,ORY,NAT,2026-09-18,1351,,
2026-05-09T19:13:48.394168,ORY,NAT,2026-09-18,1356,,
2026-05-09T19:13:48.394170,ORY,NAT,2026-09-18,1693,,
2026-05-09T19:13:48.394173,ORY,NAT,2026-09-18,1693,,
2026-05-10T03:56:40.016722,ORY,NAT,2026-09-18,989,,
2026-05-10T03:56:40.016741,ORY,NAT,2026-09-18,1211,,
2026-05-10T03:56:40.016745,ORY,NAT,2026-09-18,1267,,
2026-05-10T03:56:40.016748,ORY,NAT,2026-09-18,1267,,
2026-05-10T03:56:40.016751,ORY,NAT,2026-09-18,1267,,
2026-05-10T03:56:40.016753,ORY,NAT,2026-09-18,1288,,
2026-05-10T03:56:40.016756,ORY,NAT,2026-09-18,1297,,
2026-05-10T03:56:40.016758,ORY,NAT,2026-09-18,1307,,
2026-05-10T03:56:40.016760,ORY,NAT,2026-09-18,1351,,
2026-05-10T03:56:40.016763,ORY,NAT,2026-09-18,1356,,
2026-05-10T03:56:40.016765,ORY,NAT,2026-09-18,1693,,
2026-05-10T03:56:40.016767,ORY,NAT,2026-09-18,1693,,
2026-05-10T08:18:55.769939,ORY,NAT,2026-09-18,989,,
2026-05-10T08:18:55.769958,ORY,NAT,2026-09-18,1267,,
2026-05-10T08:18:55.769962,ORY,NAT,2026-09-18,1267,,
2026-05-10T08:18:55.769964,ORY,NAT,2026-09-18,1267,,
2026-05-10T08:18:55.769966,ORY,NAT,2026-09-18,1283,,
2026-05-10T08:18:55.769968,ORY,NAT,2026-09-18,1322,,
2026-05-10T08:18:55.769969,ORY,NAT,2026-09-18,1351,,
2026-05-10T08:18:55.769971,ORY,NAT,2026-09-18,1356,,
2026-05-10T08:18:55.769973,ORY,NAT,2026-09-18,1693,,
2026-05-10T08:18:55.769975,ORY,NAT,2026-09-18,1693,,
2026-05-10T08:18:55.769977,ORY,NAT,2026-09-18,2147,,
2026-05-10T13:43:28.161985,ORY,NAT,2026-09-18,990,,
2026-05-10T13:43:28.162007,ORY,NAT,2026-09-18,1268,,
2026-05-10T13:43:28.162011,ORY,NAT,2026-09-18,1268,,
2026-05-10T13:43:28.162014,ORY,NAT,2026-09-18,1268,,
2026-05-10T13:43:28.162017,ORY,NAT,2026-09-18,1289,,
2026-05-10T13:43:28.162020,ORY,NAT,2026-09-18,1308,,
2026-05-10T13:43:28.162022,ORY,NAT,2026-09-18,1352,,
2026-05-10T13:43:28.162024,ORY,NAT,2026-09-18,1357,,
2026-05-10T13:43:28.162027,ORY,NAT,2026-09-18,1695,,
2026-05-10T13:43:28.162029,ORY,NAT,2026-09-18,1695,,
2026-05-10T13:43:28.162031,ORY,NAT,2026-09-18,2149,,
2026-05-10T19:14:38.871019,ORY,NAT,2026-09-18,990,,
2026-05-10T19:14:38.871041,ORY,NAT,2026-09-18,1268,,
2026-05-10T19:14:38.871046,ORY,NAT,2026-09-18,1268,,
2026-05-10T19:14:38.871049,ORY,NAT,2026-09-18,1268,,
2026-05-10T19:14:38.871051,ORY,NAT,2026-09-18,1289,,
2026-05-10T19:14:38.871053,ORY,NAT,2026-09-18,1308,,
2026-05-10T19:14:38.871056,ORY,NAT,2026-09-18,1352,,
2026-05-10T19:14:38.871058,ORY,NAT,2026-09-18,1357,,
2026-05-10T19:14:38.871060,ORY,NAT,2026-09-18,1695,,
2026-05-10T19:14:38.871063,ORY,NAT,2026-09-18,1695,,
2026-05-10T19:14:38.871065,ORY,NAT,2026-09-18,2149,,
2026-05-11T04:07:30.599063,ORY,NAT,2026-09-18,987,,
2026-05-11T04:07:30.599088,ORY,NAT,2026-09-18,1284,,
2026-05-11T04:07:30.599096,ORY,NAT,2026-09-18,1304,,
2026-05-11T04:07:30.599102,ORY,NAT,2026-09-18,1347,,
2026-05-11T04:07:30.599107,ORY,NAT,2026-09-18,1353,,
2026-05-11T04:07:30.599112,ORY,NAT,2026-09-18,1689,,
2026-05-11T04:07:30.599117,ORY,NAT,2026-09-18,1689,,
2026-05-11T04:07:30.599121,ORY,NAT,2026-09-18,2142,,
2026-05-11T09:54:05.850434,ORY,NAT,2026-09-18,988,,
2026-05-11T09:54:05.850453,ORY,NAT,2026-09-18,1209,,
2026-05-11T09:54:05.850457,ORY,NAT,2026-09-18,1286,,
2026-05-11T09:54:05.850460,ORY,NAT,2026-09-18,1305,,
2026-05-11T09:54:05.850462,ORY,NAT,2026-09-18,1349,,
2026-05-11T09:54:05.850465,ORY,NAT,2026-09-18,1691,,
2026-05-11T09:54:05.850467,ORY,NAT,2026-09-18,1691,,
2026-05-11T09:54:05.850470,ORY,NAT,2026-09-18,2144,,
2026-05-11T15:27:52.778616,ORY,NAT,2026-09-18,989,,
2026-05-11T15:27:52.778637,ORY,NAT,2026-09-18,1210,,
2026-05-11T15:27:52.778641,ORY,NAT,2026-09-18,1287,,
2026-05-11T15:27:52.778644,ORY,NAT,2026-09-18,1321,,
2026-05-11T15:27:52.778647,ORY,NAT,2026-09-18,1350,,
2026-05-11T15:27:52.778649,ORY,NAT,2026-09-18,1692,,
2026-05-11T15:27:52.778652,ORY,NAT,2026-09-18,1692,,
2026-05-11T15:27:52.778654,ORY,NAT,2026-09-18,2146,,
2026-05-11T19:57:30.241975,ORY,NAT,2026-09-18,988,,
2026-05-11T19:57:30.241995,ORY,NAT,2026-09-18,1210,,
2026-05-11T19:57:30.242000,ORY,NAT,2026-09-18,1286,,
2026-05-11T19:57:30.242003,ORY,NAT,2026-09-18,1320,,
2026-05-11T19:57:30.242005,ORY,NAT,2026-09-18,1349,,
2026-05-11T19:57:30.242007,ORY,NAT,2026-09-18,1691,,
2026-05-11T19:57:30.242010,ORY,NAT,2026-09-18,1691,,
2026-05-11T19:57:30.242012,ORY,NAT,2026-09-18,2145,,
2026-05-12T03:51:16.798724,ORY,NAT,2026-09-18,987,,
2026-05-12T03:51:16.798742,ORY,NAT,2026-09-18,1208,,
2026-05-12T03:51:16.798747,ORY,NAT,2026-09-18,1284,,
2026-05-12T03:51:16.798750,ORY,NAT,2026-09-18,1304,,
2026-05-12T03:51:16.798752,ORY,NAT,2026-09-18,1347,,
2026-05-12T03:51:16.798755,ORY,NAT,2026-09-18,1689,,
2026-05-12T03:51:16.798757,ORY,NAT,2026-09-18,1689,,
2026-05-12T03:51:16.798759,ORY,NAT,2026-09-18,2141,,
2026-05-12T08:49:36.802662,ORY,NAT,2026-09-18,986,,
2026-05-12T08:49:36.802680,ORY,NAT,2026-09-18,1206,,
2026-05-12T08:49:36.802684,ORY,NAT,2026-09-18,1283,,
2026-05-12T08:49:36.802687,ORY,NAT,2026-09-18,1302,,
2026-05-12T08:49:36.802689,ORY,NAT,2026-09-18,1345,,
2026-05-12T08:49:36.802692,ORY,NAT,2026-09-18,1687,,
2026-05-12T08:49:36.802694,ORY,NAT,2026-09-18,1687,,
2026-05-12T08:49:36.802696,ORY,NAT,2026-09-18,2139,,
2026-05-12T14:40:16.419662,ORY,NAT,2026-09-18,985,,
2026-05-12T14:40:16.419681,ORY,NAT,2026-09-18,1205,,
2026-05-12T14:40:16.419686,ORY,NAT,2026-09-18,1282,,
2026-05-12T14:40:16.419689,ORY,NAT,2026-09-18,1291,,
2026-05-12T14:40:16.419691,ORY,NAT,2026-09-18,1301,,
2026-05-12T14:40:16.419694,ORY,NAT,2026-09-18,1344,,
2026-05-12T14:40:16.419696,ORY,NAT,2026-09-18,1350,,
2026-05-12T14:40:16.419698,ORY,NAT,2026-09-18,1685,,
2026-05-12T14:40:16.419701,ORY,NAT,2026-09-18,1685,,
2026-05-12T14:40:16.419703,ORY,NAT,2026-09-18,2137,,
2026-05-12T15:51:46.274615,ORY,NAT,2026-09-18,984,,
2026-05-12T15:51:46.274635,ORY,NAT,2026-09-18,988,,
2026-05-12T15:51:46.274639,ORY,NAT,2026-09-18,1205,,
2026-05-12T15:51:46.274642,ORY,NAT,2026-09-18,1276,,
2026-05-12T15:51:46.274645,ORY,NAT,2026-09-18,1291,,
2026-05-12T15:51:46.274647,ORY,NAT,2026-09-18,1315,,
2026-05-12T15:51:46.274649,ORY,NAT,2026-09-18,1344,,
2026-05-12T15:51:46.274652,ORY,NAT,2026-09-18,1349,,
2026-05-12T15:51:46.274654,ORY,NAT,2026-09-18,1685,,
2026-05-12T15:51:46.274656,ORY,NAT,2026-09-18,1685,,
2026-05-12T20:02:51.452460,ORY,NAT,2026-09-18,986,,
2026-05-12T20:02:51.452480,ORY,NAT,2026-09-18,1139,,
2026-05-12T20:02:51.452484,ORY,NAT,2026-09-18,1206,,
2026-05-12T20:02:51.452487,ORY,NAT,2026-09-18,1278,,
2026-05-12T20:02:51.452489,ORY,NAT,2026-09-18,1292,,
2026-05-12T20:02:51.452492,ORY,NAT,2026-09-18,1317,,
2026-05-12T20:02:51.452494,ORY,NAT,2026-09-18,1345,,
2026-05-12T20:02:51.452496,ORY,NAT,2026-09-18,1351,,
2026-05-12T20:02:51.452499,ORY,NAT,2026-09-18,1687,,
2026-05-12T20:02:51.452501,ORY,NAT,2026-09-18,1687,,
2026-05-13T03:59:38.585914,ORY,NAT,2026-09-18,985,,
2026-05-13T03:59:38.585936,ORY,NAT,2026-09-18,1205,,
2026-05-13T03:59:38.585941,ORY,NAT,2026-09-18,1277,,
2026-05-13T03:59:38.585944,ORY,NAT,2026-09-18,1291,,
2026-05-13T03:59:38.585947,ORY,NAT,2026-09-18,1316,,
2026-05-13T03:59:38.585949,ORY,NAT,2026-09-18,1344,,
2026-05-13T03:59:38.585951,ORY,NAT,2026-09-18,1350,,
2026-05-13T03:59:38.585954,ORY,NAT,2026-09-18,1685,,
2026-05-13T03:59:38.585956,ORY,NAT,2026-09-18,1685,,
2026-05-13T08:53:32.236947,ORY,NAT,2026-09-18,983,,
2026-05-13T08:53:32.236969,ORY,NAT,2026-09-18,1203,,
2026-05-13T08:53:32.236974,ORY,NAT,2026-09-18,1279,,
2026-05-13T08:53:32.236977,ORY,NAT,2026-09-18,1288,,
2026-05-13T08:53:32.236979,ORY,NAT,2026-09-18,1298,,
2026-05-13T08:53:32.236982,ORY,NAT,2026-09-18,1342,,
2026-05-13T08:53:32.236984,ORY,NAT,2026-09-18,1347,,
2026-05-13T08:53:32.236986,ORY,NAT,2026-09-18,1682,,
2026-05-13T08:53:32.236989,ORY,NAT,2026-09-18,1682,,
2026-05-13T14:50:51.216844,ORY,NAT,2026-09-18,983,,
2026-05-13T14:50:51.216864,ORY,NAT,2026-09-18,1203,,
2026-05-13T14:50:51.216868,ORY,NAT,2026-09-18,1279,,
2026-05-13T14:50:51.216871,ORY,NAT,2026-09-18,1298,,
2026-05-13T14:50:51.216873,ORY,NAT,2026-09-18,1342,,
2026-05-13T14:50:51.216876,ORY,NAT,2026-09-18,1682,,
2026-05-13T14:50:51.216878,ORY,NAT,2026-09-18,1682,,
2026-05-13T20:04:15.188628,ORY,NAT,2026-09-18,983,,
2026-05-13T20:04:15.188647,ORY,NAT,2026-09-18,1203,,
2026-05-13T20:04:15.188651,ORY,NAT,2026-09-18,1279,,
2026-05-13T20:04:15.188654,ORY,NAT,2026-09-18,1298,,
2026-05-13T20:04:15.188657,ORY,NAT,2026-09-18,1342,,
2026-05-13T20:04:15.188659,ORY,NAT,2026-09-18,1682,,
2026-05-13T20:04:15.188662,ORY,NAT,2026-09-18,1682,,
2026-05-14T03:58:52.926198,ORY,NAT,2026-09-18,681,,
2026-05-14T03:58:52.926217,ORY,NAT,2026-09-18,983,,
2026-05-14T03:58:52.926221,ORY,NAT,2026-09-18,1203,,
2026-05-14T03:58:52.926224,ORY,NAT,2026-09-18,1254,,
2026-05-14T03:58:52.926227,ORY,NAT,2026-09-18,1289,,
2026-05-14T03:58:52.926229,ORY,NAT,2026-09-18,1301,,
2026-05-14T03:58:52.926232,ORY,NAT,2026-09-18,1347,,
2026-05-14T03:58:52.926234,ORY,NAT,2026-09-18,1682,,
2026-05-14T03:58:52.926236,ORY,NAT,2026-09-18,1766,,
2026-05-14T03:58:52.926239,ORY,NAT,2026-09-18,2133,,
2026-05-14T08:46:22.108220,ORY,NAT,2026-09-18,680,,
2026-05-14T08:46:22.108239,ORY,NAT,2026-09-18,983,,
2026-05-14T08:46:22.108243,ORY,NAT,2026-09-18,1203,,
2026-05-14T08:46:22.108246,ORY,NAT,2026-09-18,1254,,
2026-05-14T08:46:22.108248,ORY,NAT,2026-09-18,1288,,
2026-05-14T08:46:22.108251,ORY,NAT,2026-09-18,1301,,
2026-05-14T08:46:22.108253,ORY,NAT,2026-09-18,1347,,
2026-05-14T08:46:22.108255,ORY,NAT,2026-09-18,1682,,
2026-05-14T08:46:22.108258,ORY,NAT,2026-09-18,1766,,
2026-05-14T08:46:22.108260,ORY,NAT,2026-09-18,2132,,
2026-05-14T14:30:04.023927,ORY,NAT,2026-09-18,680,,
2026-05-14T14:30:04.023948,ORY,NAT,2026-09-18,982,,
2026-05-14T14:30:04.023952,ORY,NAT,2026-09-18,1201,,
2026-05-14T14:30:04.023955,ORY,NAT,2026-09-18,1253,,
2026-05-14T14:30:04.023957,ORY,NAT,2026-09-18,1287,,
2026-05-14T14:30:04.023960,ORY,NAT,2026-09-18,1340,,
2026-05-14T14:30:04.023962,ORY,NAT,2026-09-18,1345,,
2026-05-14T14:30:04.023965,ORY,NAT,2026-09-18,1680,,
2026-05-14T14:30:04.023967,ORY,NAT,2026-09-18,1764,,
2026-05-14T14:30:04.023970,ORY,NAT,2026-09-18,2130,,
2026-05-14T19:55:16.217952,ORY,NAT,2026-09-18,679,,
2026-05-14T19:55:16.217972,ORY,NAT,2026-09-18,980,,
2026-05-14T19:55:16.217976,ORY,NAT,2026-09-18,1200,,
2026-05-14T19:55:16.217979,ORY,NAT,2026-09-18,1251,,
2026-05-14T19:55:16.217982,ORY,NAT,2026-09-18,1285,,
2026-05-14T19:55:16.217984,ORY,NAT,2026-09-18,1338,,
2026-05-14T19:55:16.217986,ORY,NAT,2026-09-18,1343,,
2026-05-14T19:55:16.217989,ORY,NAT,2026-09-18,1677,,
2026-05-14T19:55:16.217991,ORY,NAT,2026-09-18,1761,,
2026-05-14T19:55:16.217993,ORY,NAT,2026-09-18,2127,,
2026-05-15T04:03:44.123124,ORY,NAT,2026-09-18,677,,
2026-05-15T04:03:44.123143,ORY,NAT,2026-09-18,978,,
2026-05-15T04:03:44.123147,ORY,NAT,2026-09-18,1197,,
2026-05-15T04:03:44.123150,ORY,NAT,2026-09-18,1248,,
2026-05-15T04:03:44.123153,ORY,NAT,2026-09-18,1282,,
2026-05-15T04:03:44.123155,ORY,NAT,2026-09-18,1335,,
2026-05-15T04:03:44.123157,ORY,NAT,2026-09-18,1340,,
2026-05-15T04:03:44.123160,ORY,NAT,2026-09-18,1674,,
2026-05-15T04:03:44.123162,ORY,NAT,2026-09-18,1758,,
2026-05-15T04:03:44.123164,ORY,NAT,2026-09-18,2122,,
2026-05-15T08:57:39.111878,ORY,NAT,2026-09-18,676,,
2026-05-15T08:57:39.111897,ORY,NAT,2026-09-18,976,,
2026-05-15T08:57:39.111901,ORY,NAT,2026-09-18,1195,,
2026-05-15T08:57:39.111904,ORY,NAT,2026-09-18,1246,,
2026-05-15T08:57:39.111907,ORY,NAT,2026-09-18,1280,,
2026-05-15T08:57:39.111909,ORY,NAT,2026-09-18,1333,,
2026-05-15T08:57:39.111911,ORY,NAT,2026-09-18,1338,,
2026-05-15T08:57:39.111914,ORY,NAT,2026-09-18,1671,,
2026-05-15T08:57:39.111916,ORY,NAT,2026-09-18,1755,,
2026-05-15T08:57:39.111919,ORY,NAT,2026-09-18,2119,,
2026-05-15T14:23:13.143380,ORY,NAT,2026-09-18,676,,
2026-05-15T14:23:13.143402,ORY,NAT,2026-09-18,976,,
2026-05-15T14:23:13.143407,ORY,NAT,2026-09-18,1194,,
2026-05-15T14:23:13.143410,ORY,NAT,2026-09-18,1247,,
2026-05-15T14:23:13.143413,ORY,NAT,2026-09-18,1279,,
2026-05-15T14:23:13.143415,ORY,NAT,2026-09-18,1304,,
2026-05-15T14:23:13.143418,ORY,NAT,2026-09-18,1332,,
2026-05-15T14:23:13.143420,ORY,NAT,2026-09-18,1337,,
2026-05-15T14:23:13.143423,ORY,NAT,2026-09-18,1670,,
2026-05-15T14:23:13.143425,ORY,NAT,2026-09-18,1754,,
2026-05-15T14:23:13.143428,ORY,NAT,2026-09-18,2117,,
2026-05-15T19:47:29.645739,ORY,NAT,2026-09-18,675,,
2026-05-15T19:47:29.645756,ORY,NAT,2026-09-18,975,,
2026-05-15T19:47:29.645760,ORY,NAT,2026-09-18,1194,,
2026-05-15T19:47:29.645763,ORY,NAT,2026-09-18,1246,,
2026-05-15T19:47:29.645766,ORY,NAT,2026-09-18,1279,,
2026-05-15T19:47:29.645768,ORY,NAT,2026-09-18,1303,,
2026-05-15T19:47:29.645770,ORY,NAT,2026-09-18,1331,,
2026-05-15T19:47:29.645773,ORY,NAT,2026-09-18,1337,,
2026-05-15T19:47:29.645775,ORY,NAT,2026-09-18,1669,,
2026-05-15T19:47:29.645777,ORY,NAT,2026-09-18,1753,,
2026-05-15T19:47:29.645779,ORY,NAT,2026-09-18,2117,,
2026-05-16T03:45:55.794206,ORY,NAT,2026-09-18,675,,
2026-05-16T03:45:55.794227,ORY,NAT,2026-09-18,975,,
2026-05-16T03:45:55.794231,ORY,NAT,2026-09-18,1194,,
2026-05-16T03:45:55.794234,ORY,NAT,2026-09-18,1246,,
2026-05-16T03:45:55.794237,ORY,NAT,2026-09-18,1279,,
2026-05-16T03:45:55.794239,ORY,NAT,2026-09-18,1303,,
2026-05-16T03:45:55.794241,ORY,NAT,2026-09-18,1332,,
2026-05-16T03:45:55.794244,ORY,NAT,2026-09-18,1337,,
2026-05-16T03:45:55.794246,ORY,NAT,2026-09-18,1669,,
2026-05-16T03:45:55.794249,ORY,NAT,2026-09-18,1753,,
2026-05-16T03:45:55.794251,ORY,NAT,2026-09-18,2117,,
2026-05-16T08:12:28.582439,ORY,NAT,2026-09-18,676,,
2026-05-16T08:12:28.582461,ORY,NAT,2026-09-18,976,,
2026-05-16T08:12:28.582465,ORY,NAT,2026-09-18,1194,,
2026-05-16T08:12:28.582468,ORY,NAT,2026-09-18,1247,,
2026-05-16T08:12:28.582471,ORY,NAT,2026-09-18,1279,,
2026-05-16T08:12:28.582473,ORY,NAT,2026-09-18,1304,,
2026-05-16T08:12:28.582475,ORY,NAT,2026-09-18,1332,,
2026-05-16T08:12:28.582478,ORY,NAT,2026-09-18,1337,,
2026-05-16T08:12:28.582480,ORY,NAT,2026-09-18,1670,,
2026-05-16T08:12:28.582482,ORY,NAT,2026-09-18,1754,,
2026-05-16T08:12:28.582484,ORY,NAT,2026-09-18,2117,,
2026-05-16T13:47:03.143610,ORY,NAT,2026-09-18,676,,
2026-05-16T13:47:03.143629,ORY,NAT,2026-09-18,976,,
2026-05-16T13:47:03.143633,ORY,NAT,2026-09-18,1194,,
2026-05-16T13:47:03.143636,ORY,NAT,2026-09-18,1247,,
2026-05-16T13:47:03.143639,ORY,NAT,2026-09-18,1279,,
2026-05-16T13:47:03.143641,ORY,NAT,2026-09-18,1304,,
2026-05-16T13:47:03.143643,ORY,NAT,2026-09-18,1332,,
2026-05-16T13:47:03.143646,ORY,NAT,2026-09-18,1337,,
2026-05-16T13:47:03.143648,ORY,NAT,2026-09-18,1670,,
2026-05-16T13:47:03.143650,ORY,NAT,2026-09-18,1754,,
2026-05-16T13:47:03.143652,ORY,NAT,2026-09-18,2117,,
2026-05-16T19:15:20.753564,ORY,NAT,2026-09-18,676,,
2026-05-16T19:15:20.753586,ORY,NAT,2026-09-18,976,,
2026-05-16T19:15:20.753590,ORY,NAT,2026-09-18,1194,,
2026-05-16T19:15:20.753593,ORY,NAT,2026-09-18,1247,,
2026-05-16T19:15:20.753596,ORY,NAT,2026-09-18,1279,,
2026-05-16T19:15:20.753598,ORY,NAT,2026-09-18,1304,,
2026-05-16T19:15:20.753600,ORY,NAT,2026-09-18,1332,,
2026-05-16T19:15:20.753602,ORY,NAT,2026-09-18,1337,,
2026-05-16T19:15:20.753605,ORY,NAT,2026-09-18,1670,,
2026-05-16T19:15:20.753607,ORY,NAT,2026-09-18,1754,,
2026-05-16T19:15:20.753609,ORY,NAT,2026-09-18,2117,,
2026-05-17T04:03:47.072191,ORY,NAT,2026-09-18,676,,
2026-05-17T04:03:47.072209,ORY,NAT,2026-09-18,976,,
2026-05-17T04:03:47.072214,ORY,NAT,2026-09-18,1194,,
2026-05-17T04:03:47.072217,ORY,NAT,2026-09-18,1245,,
2026-05-17T04:03:47.072219,ORY,NAT,2026-09-18,1279,,
2026-05-17T04:03:47.072222,ORY,NAT,2026-09-18,1332,,
2026-05-17T04:03:47.072224,ORY,NAT,2026-09-18,1337,,
2026-05-17T04:03:47.072227,ORY,NAT,2026-09-18,1670,,
2026-05-17T04:03:47.072229,ORY,NAT,2026-09-18,1754,,
2026-05-17T04:03:47.072231,ORY,NAT,2026-09-18,2117,,
2026-05-17T08:29:03.582073,ORY,NAT,2026-09-18,676,,
2026-05-17T08:29:03.582092,ORY,NAT,2026-09-18,976,,
2026-05-17T08:29:03.582096,ORY,NAT,2026-09-18,1194,,
2026-05-17T08:29:03.582099,ORY,NAT,2026-09-18,1247,,
2026-05-17T08:29:03.582102,ORY,NAT,2026-09-18,1279,,
2026-05-17T08:29:03.582104,ORY,NAT,2026-09-18,1304,,
2026-05-17T08:29:03.582107,ORY,NAT,2026-09-18,1332,,
2026-05-17T08:29:03.582109,ORY,NAT,2026-09-18,1337,,
2026-05-17T08:29:03.582111,ORY,NAT,2026-09-18,1670,,
2026-05-17T08:29:03.582114,ORY,NAT,2026-09-18,1754,,
2026-05-17T08:29:03.582116,ORY,NAT,2026-09-18,2117,,
2026-05-17T13:46:23.192652,ORY,NAT,2026-09-18,676,,
2026-05-17T13:46:23.192673,ORY,NAT,2026-09-18,976,,
2026-05-17T13:46:23.192677,ORY,NAT,2026-09-18,1194,,
2026-05-17T13:46:23.192680,ORY,NAT,2026-09-18,1247,,
2026-05-17T13:46:23.192683,ORY,NAT,2026-09-18,1279,,
2026-05-17T13:46:23.192685,ORY,NAT,2026-09-18,1304,,
2026-05-17T13:46:23.192688,ORY,NAT,2026-09-18,1332,,
2026-05-17T13:46:23.192690,ORY,NAT,2026-09-18,1337,,
2026-05-17T13:46:23.192692,ORY,NAT,2026-09-18,1670,,
2026-05-17T13:46:23.192694,ORY,NAT,2026-09-18,1754,,
2026-05-17T13:46:23.192697,ORY,NAT,2026-09-18,2117,,
2026-05-17T19:18:51.294059,ORY,NAT,2026-09-18,676,,
2026-05-17T19:18:51.294082,ORY,NAT,2026-09-18,976,,
2026-05-17T19:18:51.294086,ORY,NAT,2026-09-18,1194,,
2026-05-17T19:18:51.294089,ORY,NAT,2026-09-18,1247,,
2026-05-17T19:18:51.294092,ORY,NAT,2026-09-18,1279,,
2026-05-17T19:18:51.294094,ORY,NAT,2026-09-18,1304,,
2026-05-17T19:18:51.294096,ORY,NAT,2026-09-18,1332,,
2026-05-17T19:18:51.294099,ORY,NAT,2026-09-18,1337,,
2026-05-17T19:18:51.294101,ORY,NAT,2026-09-18,1670,,
2026-05-17T19:18:51.294103,ORY,NAT,2026-09-18,1754,,
2026-05-17T19:18:51.294106,ORY,NAT,2026-09-18,2117,,
2026-05-18T04:16:46.538386,ORY,NAT,2026-09-18,675,,
2026-05-18T04:16:46.538405,ORY,NAT,2026-09-18,976,,
2026-05-18T04:16:46.538410,ORY,NAT,2026-09-18,1194,,
2026-05-18T04:16:46.538412,ORY,NAT,2026-09-18,1245,,
2026-05-18T04:16:46.538415,ORY,NAT,2026-09-18,1279,,
2026-05-18T04:16:46.538418,ORY,NAT,2026-09-18,1332,,
2026-05-18T04:16:46.538420,ORY,NAT,2026-09-18,1337,,
2026-05-18T04:16:46.538422,ORY,NAT,2026-09-18,1670,,
2026-05-18T04:16:46.538424,ORY,NAT,2026-09-18,1753,,
2026-05-18T04:16:46.538427,ORY,NAT,2026-09-18,2117,,
2026-05-18T10:18:55.082417,ORY,NAT,2026-09-18,676,,
2026-05-18T10:18:55.082444,ORY,NAT,2026-09-18,976,,
2026-05-18T10:18:55.082448,ORY,NAT,2026-09-18,1195,,
2026-05-18T10:18:55.082451,ORY,NAT,2026-09-18,1246,,
2026-05-18T10:18:55.082454,ORY,NAT,2026-09-18,1280,,
2026-05-18T10:18:55.082456,ORY,NAT,2026-09-18,1333,,
2026-05-18T10:18:55.082459,ORY,NAT,2026-09-18,1338,,
2026-05-18T10:18:55.082461,ORY,NAT,2026-09-18,1671,,
2026-05-18T10:18:55.082463,ORY,NAT,2026-09-18,1755,,
2026-05-18T10:18:55.082466,ORY,NAT,2026-09-18,2119,,
2026-05-18T15:48:50.787478,ORY,NAT,2026-09-18,676,,
2026-05-18T15:48:50.787499,ORY,NAT,2026-09-18,977,,
2026-05-18T15:48:50.787504,ORY,NAT,2026-09-18,1118,,
2026-05-18T15:48:50.787506,ORY,NAT,2026-09-18,1123,,
2026-05-18T15:48:50.787509,ORY,NAT,2026-09-18,1248,,
2026-05-18T15:48:50.787511,ORY,NAT,2026-09-18,1280,,
2026-05-18T15:48:50.787514,ORY,NAT,2026-09-18,1305,,
2026-05-18T15:48:50.787516,ORY,NAT,2026-09-18,1334,,
2026-05-18T15:48:50.787518,ORY,NAT,2026-09-18,1671,,
2026-05-18T15:48:50.787521,ORY,NAT,2026-09-18,1755,,
2026-05-18T15:48:50.787523,ORY,NAT,2026-09-18,1800,,
2026-05-18T19:54:08.350740,ORY,NAT,2026-09-18,677,,
2026-05-18T19:54:08.350763,ORY,NAT,2026-09-18,977,,
2026-05-18T19:54:08.350766,ORY,NAT,2026-09-18,1124,,
2026-05-18T19:54:08.350769,ORY,NAT,2026-09-18,1124,,
2026-05-18T19:54:08.350772,ORY,NAT,2026-09-18,1249,,
2026-05-18T19:54:08.350775,ORY,NAT,2026-09-18,1281,,
2026-05-18T19:54:08.350777,ORY,NAT,2026-09-18,1306,,
2026-05-18T19:54:08.350780,ORY,NAT,2026-09-18,1335,,
2026-05-18T19:54:08.350782,ORY,NAT,2026-09-18,1673,,
2026-05-18T19:54:08.350785,ORY,NAT,2026-09-18,1756,,
2026-05-18T19:54:08.350787,ORY,NAT,2026-09-18,1801,,
2026-05-19T04:11:18.713872,ORY,NAT,2026-09-18,676,,
2026-05-19T04:11:18.713890,ORY,NAT,2026-09-18,977,,
2026-05-19T04:11:18.713894,ORY,NAT,2026-09-18,1130,,
2026-05-19T04:11:18.713897,ORY,NAT,2026-09-18,1130,,
2026-05-19T04:11:18.713900,ORY,NAT,2026-09-18,1202,,
2026-05-19T04:11:18.713902,ORY,NAT,2026-09-18,1248,,
2026-05-19T04:11:18.713905,ORY,NAT,2026-09-18,1264,,
2026-05-19T04:11:18.713907,ORY,NAT,2026-09-18,1281,,
2026-05-19T04:11:18.713909,ORY,NAT,2026-09-18,1504,,
2026-05-19T04:11:18.713912,ORY,NAT,2026-09-18,1672,,
2026-05-19T04:11:18.713914,ORY,NAT,2026-09-18,1806,,
2026-05-19T09:58:45.679677,ORY,NAT,2026-09-18,675,,
2026-05-19T09:58:45.679696,ORY,NAT,2026-09-18,975,,
2026-05-19T09:58:45.679700,ORY,NAT,2026-09-18,1127,,
2026-05-19T09:58:45.679703,ORY,NAT,2026-09-18,1127,,
2026-05-19T09:58:45.679705,ORY,NAT,2026-09-18,1199,,
2026-05-19T09:58:45.679708,ORY,NAT,2026-09-18,1245,,
2026-05-19T09:58:45.679710,ORY,NAT,2026-09-18,1261,,
2026-05-19T09:58:45.679712,ORY,NAT,2026-09-18,1278,,
2026-05-19T09:58:45.679715,ORY,NAT,2026-09-18,1501,,
2026-05-19T09:58:45.679717,ORY,NAT,2026-09-18,1668,,
2026-05-19T09:58:45.679719,ORY,NAT,2026-09-18,1802,,
2026-05-19T15:40:21.773470,ORY,NAT,2026-09-18,674,,
2026-05-19T15:40:21.773493,ORY,NAT,2026-09-18,973,,
2026-05-19T15:40:21.773498,ORY,NAT,2026-09-18,1125,,
2026-05-19T15:40:21.773501,ORY,NAT,2026-09-18,1125,,
2026-05-19T15:40:21.773504,ORY,NAT,2026-09-18,1197,,
2026-05-19T15:40:21.773506,ORY,NAT,2026-09-18,1243,,
2026-05-19T15:40:21.773508,ORY,NAT,2026-09-18,1259,,
2026-05-19T15:40:21.773511,ORY,NAT,2026-09-18,1275,,
2026-05-19T15:40:21.773513,ORY,NAT,2026-09-18,1498,,
2026-05-19T15:40:21.773516,ORY,NAT,2026-09-18,1665,,
2026-05-19T15:40:21.773518,ORY,NAT,2026-09-18,1798,,
2026-05-19T20:00:07.466594,ORY,NAT,2026-09-18,674,,
2026-05-19T20:00:07.466617,ORY,NAT,2026-09-18,974,,
2026-05-19T20:00:07.466621,ORY,NAT,2026-09-18,1126,,
2026-05-19T20:00:07.466624,ORY,NAT,2026-09-18,1126,,
2026-05-19T20:00:07.466627,ORY,NAT,2026-09-18,1198,,
2026-05-19T20:00:07.466629,ORY,NAT,2026-09-18,1244,,
2026-05-19T20:00:07.466632,ORY,NAT,2026-09-18,1260,,
2026-05-19T20:00:07.466635,ORY,NAT,2026-09-18,1277,,
2026-05-19T20:00:07.466637,ORY,NAT,2026-09-18,1499,,
2026-05-19T20:00:07.466640,ORY,NAT,2026-09-18,1667,,
2026-05-19T20:00:07.466642,ORY,NAT,2026-09-18,1800,,
2026-05-20T04:12:08.349820,ORY,NAT,2026-09-18,674,,
2026-05-20T04:12:08.349840,ORY,NAT,2026-09-18,973,,
2026-05-20T04:12:08.349845,ORY,NAT,2026-09-18,1125,,
2026-05-20T04:12:08.349847,ORY,NAT,2026-09-18,1125,,
2026-05-20T04:12:08.349850,ORY,NAT,2026-09-18,1197,,
2026-05-20T04:12:08.349852,ORY,NAT,2026-09-18,1243,,
2026-05-20T04:12:08.349855,ORY,NAT,2026-09-18,1259,,
2026-05-20T04:12:08.349857,ORY,NAT,2026-09-18,1276,,
2026-05-20T04:12:08.349859,ORY,NAT,2026-09-18,1499,,
2026-05-20T04:12:08.349862,ORY,NAT,2026-09-18,1666,,
2026-05-20T04:12:08.349864,ORY,NAT,2026-09-18,1799,,
2026-05-20T09:48:10.552442,ORY,NAT,2026-09-18,674,,
2026-05-20T09:48:10.552461,ORY,NAT,2026-09-18,973,,
2026-05-20T09:48:10.552465,ORY,NAT,2026-09-18,1191,,
2026-05-20T09:48:10.552468,ORY,NAT,2026-09-18,1206,,
2026-05-20T09:48:10.552471,ORY,NAT,2026-09-18,1243,,
2026-05-20T09:48:10.552473,ORY,NAT,2026-09-18,1259,,
2026-05-20T09:48:10.552476,ORY,NAT,2026-09-18,1333,,
2026-05-20T09:48:10.552478,ORY,NAT,2026-09-18,1498,,
2026-05-20T09:48:10.552480,ORY,NAT,2026-09-18,1665,,
2026-05-20T09:48:10.552483,ORY,NAT,2026-09-18,2111,,
2026-05-20T15:40:55.881965,ORY,NAT,2026-09-18,675,,
2026-05-20T15:40:55.881984,ORY,NAT,2026-09-18,940,,
2026-05-20T15:40:55.881988,ORY,NAT,2026-09-18,953,,
2026-05-20T15:40:55.881991,ORY,NAT,2026-09-18,1208,,
2026-05-20T15:40:55.881994,ORY,NAT,2026-09-18,1245,,
2026-05-20T15:40:55.881996,ORY,NAT,2026-09-18,1261,,
2026-05-20T15:40:55.881999,ORY,NAT,2026-09-18,1336,,
2026-05-20T15:40:55.882001,ORY,NAT,2026-09-18,1501,,
2026-05-20T15:40:55.882003,ORY,NAT,2026-09-18,1668,,
2026-05-20T15:40:55.882006,ORY,NAT,2026-09-18,2115,,
2026-05-20T20:25:47.836316,ORY,NAT,2026-09-18,676,,
2026-05-20T20:25:47.836338,ORY,NAT,2026-09-18,941,,
2026-05-20T20:25:47.836342,ORY,NAT,2026-09-18,954,,
2026-05-20T20:25:47.836345,ORY,NAT,2026-09-18,1209,,
2026-05-20T20:25:47.836348,ORY,NAT,2026-09-18,1247,,
2026-05-20T20:25:47.836350,ORY,NAT,2026-09-18,1263,,
2026-05-20T20:25:47.836353,ORY,NAT,2026-09-18,1337,,
2026-05-20T20:25:47.836355,ORY,NAT,2026-09-18,1502,,
2026-05-20T20:25:47.836357,ORY,NAT,2026-09-18,1670,,
2026-05-20T20:25:47.836360,ORY,NAT,2026-09-18,2118,,
2026-05-21T04:20:32.013749,ORY,NAT,2026-09-18,675,,
2026-05-21T04:20:32.013767,ORY,NAT,2026-09-18,940,,
2026-05-21T04:20:32.013771,ORY,NAT,2026-09-18,953,,
2026-05-21T04:20:32.013773,ORY,NAT,2026-09-18,1209,,
2026-05-21T04:20:32.013776,ORY,NAT,2026-09-18,1246,,
2026-05-21T04:20:32.013778,ORY,NAT,2026-09-18,1262,,
2026-05-21T04:20:32.013781,ORY,NAT,2026-09-18,1336,,
2026-05-21T04:20:32.013783,ORY,NAT,2026-09-18,1501,,
2026-05-21T04:20:32.013784,ORY,NAT,2026-09-18,1669,,
2026-05-21T04:20:32.013786,ORY,NAT,2026-09-18,2116,,
2026-05-21T09:55:40.835875,ORY,NAT,2026-09-18,710,,
2026-05-21T09:55:40.835893,ORY,NAT,2026-09-18,947,,
2026-05-21T09:55:40.835898,ORY,NAT,2026-09-18,954,,
2026-05-21T09:55:40.835900,ORY,NAT,2026-09-18,1187,,
2026-05-21T09:55:40.835903,ORY,NAT,2026-09-18,1241,,
2026-05-21T09:55:40.835905,ORY,NAT,2026-09-18,1245,,
2026-05-21T09:55:40.835908,ORY,NAT,2026-09-18,1337,,
2026-05-21T09:55:40.835910,ORY,NAT,2026-09-18,1754,,
2026-05-21T09:55:40.835912,ORY,NAT,2026-09-18,1754,,
2026-05-21T09:55:40.835915,ORY,NAT,2026-09-18,1984,,
2026-05-21T09:55:40.835917,ORY,NAT,2026-09-18,2118,,
2026-05-21T15:43:09.794231,ORY,NAT,2026-09-18,708,,
2026-05-21T15:43:09.794249,ORY,NAT,2026-09-18,943,,
2026-05-21T15:43:09.794253,ORY,NAT,2026-09-18,950,,
2026-05-21T15:43:09.794256,ORY,NAT,2026-09-18,1183,,
2026-05-21T15:43:09.794259,ORY,NAT,2026-09-18,1236,,
2026-05-21T15:43:09.794261,ORY,NAT,2026-09-18,1287,,
2026-05-21T15:43:09.794264,ORY,NAT,2026-09-18,1333,,
2026-05-21T15:43:09.794266,ORY,NAT,2026-09-18,1747,,
2026-05-21T15:43:09.794268,ORY,NAT,2026-09-18,1747,,
2026-05-21T15:43:09.794271,ORY,NAT,2026-09-18,1977,,
2026-05-21T15:43:09.794273,ORY,NAT,2026-09-18,2110,,
2026-05-21T20:02:47.462308,ORY,NAT,2026-09-18,710,,
2026-05-21T20:02:47.462328,ORY,NAT,2026-09-18,946,,
2026-05-21T20:02:47.462332,ORY,NAT,2026-09-18,953,,
2026-05-21T20:02:47.462335,ORY,NAT,2026-09-18,1186,,
2026-05-21T20:02:47.462338,ORY,NAT,2026-09-18,1239,,
2026-05-21T20:02:47.462340,ORY,NAT,2026-09-18,1290,,
2026-05-21T20:02:47.462343,ORY,NAT,2026-09-18,1336,,
2026-05-21T20:02:47.462345,ORY,NAT,2026-09-18,1752,,
2026-05-21T20:02:47.462347,ORY,NAT,2026-09-18,1752,,
2026-05-21T20:02:47.462350,ORY,NAT,2026-09-18,1982,,
2026-05-21T20:02:47.462352,ORY,NAT,2026-09-18,2115,,
2026-05-22T04:15:53.624222,ORY,NAT,2026-09-18,709,,
2026-05-22T04:15:53.624239,ORY,NAT,2026-09-18,945,,
2026-05-22T04:15:53.624244,ORY,NAT,2026-09-18,952,,
2026-05-22T04:15:53.624247,ORY,NAT,2026-09-18,1186,,
2026-05-22T04:15:53.624250,ORY,NAT,2026-09-18,1239,,
2026-05-22T04:15:53.624252,ORY,NAT,2026-09-18,1335,,
2026-05-22T04:15:53.624255,ORY,NAT,2026-09-18,1751,,
2026-05-22T04:15:53.624257,ORY,NAT,2026-09-18,1751,,
2026-05-22T04:15:53.624259,ORY,NAT,2026-09-18,1981,,
2026-05-22T04:15:53.624262,ORY,NAT,2026-09-18,2114,,
2026-05-22T09:40:54.234488,ORY,NAT,2026-09-18,709,,
2026-05-22T09:40:54.234510,ORY,NAT,2026-09-18,945,,
2026-05-22T09:40:54.234514,ORY,NAT,2026-09-18,952,,
2026-05-22T09:40:54.234517,ORY,NAT,2026-09-18,1185,,
2026-05-22T09:40:54.234519,ORY,NAT,2026-09-18,1238,,
2026-05-22T09:40:54.234522,ORY,NAT,2026-09-18,1334,,
2026-05-22T09:40:54.234524,ORY,NAT,2026-09-18,1750,,
2026-05-22T09:40:54.234526,ORY,NAT,2026-09-18,1750,,
2026-05-22T09:40:54.234529,ORY,NAT,2026-09-18,1979,,
2026-05-22T09:40:54.234531,ORY,NAT,2026-09-18,2113,,
2026-05-22T14:52:08.567053,ORY,NAT,2026-09-18,708,,
2026-05-22T14:52:08.567072,ORY,NAT,2026-09-18,951,,
2026-05-22T14:52:08.567076,ORY,NAT,2026-09-18,1184,,
2026-05-22T14:52:08.567079,ORY,NAT,2026-09-18,1191,,
2026-05-22T14:52:08.567082,ORY,NAT,2026-09-18,1237,,
2026-05-22T14:52:08.567084,ORY,NAT,2026-09-18,1333,,
2026-05-22T14:52:08.567086,ORY,NAT,2026-09-18,1368,,
2026-05-22T14:52:08.567089,ORY,NAT,2026-09-18,1665,,
2026-05-22T14:52:08.567091,ORY,NAT,2026-09-18,1748,,
2026-05-22T14:52:08.567093,ORY,NAT,2026-09-18,1978,,
2026-05-22T14:52:08.567096,ORY,NAT,2026-09-18,2111,,
2026-05-22T19:57:41.632737,ORY,NAT,2026-09-18,709,,
2026-05-22T19:57:41.632756,ORY,NAT,2026-09-18,952,,
2026-05-22T19:57:41.632760,ORY,NAT,2026-09-18,1186,,
2026-05-22T19:57:41.632763,ORY,NAT,2026-09-18,1195,,
2026-05-22T19:57:41.632766,ORY,NAT,2026-09-18,1239,,
2026-05-22T19:57:41.632768,ORY,NAT,2026-09-18,1335,,
2026-05-22T19:57:41.632770,ORY,NAT,2026-09-18,1370,,
2026-05-22T19:57:41.632773,ORY,NAT,2026-09-18,1667,,
2026-05-22T19:57:41.632775,ORY,NAT,2026-09-18,1981,,
2026-05-22T19:57:41.632777,ORY,NAT,2026-09-18,2114,,
2026-05-23T03:54:11.976734,ORY,NAT,2026-09-18,709,,
2026-05-23T03:54:11.976755,ORY,NAT,2026-09-18,952,,
2026-05-23T03:54:11.976759,ORY,NAT,2026-09-18,1185,,
2026-05-23T03:54:11.976763,ORY,NAT,2026-09-18,1195,,
2026-05-23T03:54:11.976765,ORY,NAT,2026-09-18,1239,,
2026-05-23T03:54:11.976768,ORY,NAT,2026-09-18,1335,,
2026-05-23T03:54:11.976770,ORY,NAT,2026-09-18,1370,,
2026-05-23T03:54:11.976772,ORY,NAT,2026-09-18,1667,,
2026-05-23T03:54:11.976774,ORY,NAT,2026-09-18,1981,,
2026-05-23T03:54:11.976777,ORY,NAT,2026-09-18,2114,,
2026-05-23T08:27:15.563711,ORY,NAT,2026-09-18,709,,
2026-05-23T08:27:15.563731,ORY,NAT,2026-09-18,952,,
2026-05-23T08:27:15.563736,ORY,NAT,2026-09-18,1185,,
2026-05-23T08:27:15.563739,ORY,NAT,2026-09-18,1194,,
2026-05-23T08:27:15.563741,ORY,NAT,2026-09-18,1238,,
2026-05-23T08:27:15.563744,ORY,NAT,2026-09-18,1244,,
2026-05-23T08:27:15.563746,ORY,NAT,2026-09-18,1335,,
2026-05-23T08:27:15.563748,ORY,NAT,2026-09-18,1388,,
2026-05-23T08:27:15.563751,ORY,NAT,2026-09-18,1980,,
2026-05-23T08:27:15.563753,ORY,NAT,2026-09-18,2113,,
2026-05-23T13:52:04.523904,ORY,NAT,2026-09-18,709,,
2026-05-23T13:52:04.523922,ORY,NAT,2026-09-18,952,,
2026-05-23T13:52:04.523926,ORY,NAT,2026-09-18,1185,,
2026-05-23T13:52:04.523928,ORY,NAT,2026-09-18,1192,,
2026-05-23T13:52:04.523930,ORY,NAT,2026-09-18,1238,,
2026-05-23T13:52:04.523932,ORY,NAT,2026-09-18,1244,,
2026-05-23T13:52:04.523933,ORY,NAT,2026-09-18,1335,,
2026-05-23T13:52:04.523935,ORY,NAT,2026-09-18,1388,,
2026-05-23T13:52:04.523937,ORY,NAT,2026-09-18,1980,,
2026-05-23T13:52:04.523939,ORY,NAT,2026-09-18,2113,,
2026-05-23T19:20:51.750634,ORY,NAT,2026-09-18,709,,
2026-05-23T19:20:51.750652,ORY,NAT,2026-09-18,952,,
2026-05-23T19:20:51.750656,ORY,NAT,2026-09-18,1000,,
2026-05-23T19:20:51.750659,ORY,NAT,2026-09-18,1000,,
2026-05-23T19:20:51.750662,ORY,NAT,2026-09-18,1185,,
2026-05-23T19:20:51.750664,ORY,NAT,2026-09-18,1227,,
2026-05-23T19:20:51.750667,ORY,NAT,2026-09-18,1352,,
2026-05-23T19:20:51.750669,ORY,NAT,2026-09-18,1486,,
2026-05-24T04:14:13.133832,ORY,NAT,2026-09-18,709,,
2026-05-24T04:14:13.133852,ORY,NAT,2026-09-18,952,,
2026-05-24T04:14:13.133857,ORY,NAT,2026-09-18,987,,
2026-05-24T04:14:13.133860,ORY,NAT,2026-09-18,1000,,
2026-05-24T04:14:13.133862,ORY,NAT,2026-09-18,1000,,
2026-05-24T04:14:13.133865,ORY,NAT,2026-09-18,1185,,
2026-05-24T04:14:13.133867,ORY,NAT,2026-09-18,1243,,
2026-05-24T04:14:13.133870,ORY,NAT,2026-09-18,1263,,
2026-05-24T04:14:13.133872,ORY,NAT,2026-09-18,1352,,
2026-05-24T04:14:13.133875,ORY,NAT,2026-09-18,1486,,
2026-05-24T08:39:30.132484,ORY,NAT,2026-09-18,709,,
2026-05-24T08:39:30.132503,ORY,NAT,2026-09-18,952,,
2026-05-24T08:39:30.132506,ORY,NAT,2026-09-18,1000,,
2026-05-24T08:39:30.132509,ORY,NAT,2026-09-18,1000,,
2026-05-24T08:39:30.132511,ORY,NAT,2026-09-18,1185,,
2026-05-24T08:39:30.132513,ORY,NAT,2026-09-18,1243,,
2026-05-24T08:39:30.132514,ORY,NAT,2026-09-18,1263,,
2026-05-24T08:39:30.132516,ORY,NAT,2026-09-18,1352,,
2026-05-24T08:39:30.132518,ORY,NAT,2026-09-18,1486,,
2026-05-24T13:49:44.597294,ORY,NAT,2026-09-18,709,,
2026-05-24T13:49:44.597315,ORY,NAT,2026-09-18,935,,
2026-05-24T13:49:44.597319,ORY,NAT,2026-09-18,952,,
2026-05-24T13:49:44.597322,ORY,NAT,2026-09-18,1000,,
2026-05-24T13:49:44.597325,ORY,NAT,2026-09-18,1243,,
2026-05-24T13:49:44.597328,ORY,NAT,2026-09-18,1263,,
2026-05-24T13:49:44.597330,ORY,NAT,2026-09-18,1352,,
2026-05-24T13:49:44.597332,ORY,NAT,2026-09-18,1486,,
2026-05-24T19:25:22.203543,ORY,NAT,2026-09-18,711,,
2026-05-24T19:25:22.203562,ORY,NAT,2026-09-18,938,,
2026-05-24T19:25:22.203566,ORY,NAT,2026-09-18,954,,
2026-05-24T19:25:22.203569,ORY,NAT,2026-09-18,1003,,
2026-05-24T19:25:22.203572,ORY,NAT,2026-09-18,1246,,
2026-05-24T19:25:22.203575,ORY,NAT,2026-09-18,1266,,
2026-05-24T19:25:22.203577,ORY,NAT,2026-09-18,1355,,
2026-05-24T19:25:22.203579,ORY,NAT,2026-09-18,1489,,
2026-05-25T04:25:33.109296,ORY,NAT,2026-09-18,711,,
2026-05-25T04:25:33.109313,ORY,NAT,2026-09-18,938,,
2026-05-25T04:25:33.109318,ORY,NAT,2026-09-18,955,,
2026-05-25T04:25:33.109321,ORY,NAT,2026-09-18,1003,,
2026-05-25T04:25:33.109323,ORY,NAT,2026-09-18,1246,,
2026-05-25T04:25:33.109326,ORY,NAT,2026-09-18,1755,,
2026-05-25T04:25:33.109328,ORY,NAT,2026-09-18,1985,,
2026-05-25T10:22:47.314921,ORY,NAT,2026-09-18,711,,
2026-05-25T10:22:47.314944,ORY,NAT,2026-09-18,938,,
2026-05-25T10:22:47.314948,ORY,NAT,2026-09-18,948,,
2026-05-25T10:22:47.314951,ORY,NAT,2026-09-18,955,,
2026-05-25T10:22:47.314954,ORY,NAT,2026-09-18,1004,,
2026-05-25T10:22:47.314956,ORY,NAT,2026-09-18,1189,,
2026-05-25T10:22:47.314958,ORY,NAT,2026-09-18,1247,,
2026-05-25T10:22:47.314961,ORY,NAT,2026-09-18,1756,,
2026-05-25T10:22:47.314963,ORY,NAT,2026-09-18,1986,,
2026-05-25T15:21:43.552042,ORY,NAT,2026-09-18,712,,
2026-05-25T15:21:43.552059,ORY,NAT,2026-09-18,939,,
2026-05-25T15:21:43.552064,ORY,NAT,2026-09-18,948,,
2026-05-25T15:21:43.552066,ORY,NAT,2026-09-18,955,,
2026-05-25T15:21:43.552069,ORY,NAT,2026-09-18,1004,,
2026-05-25T15:21:43.552072,ORY,NAT,2026-09-18,1189,,
2026-05-25T15:21:43.552074,ORY,NAT,2026-09-18,1247,,
2026-05-25T15:21:43.552076,ORY,NAT,2026-09-18,1757,,
2026-05-25T15:21:43.552079,ORY,NAT,2026-09-18,1987,,
2026-05-25T19:50:30.827169,ORY,NAT,2026-09-18,711,,
2026-05-25T19:50:30.827186,ORY,NAT,2026-09-18,938,,
2026-05-25T19:50:30.827191,ORY,NAT,2026-09-18,948,,
2026-05-25T19:50:30.827194,ORY,NAT,2026-09-18,955,,
2026-05-25T19:50:30.827196,ORY,NAT,2026-09-18,1004,,
2026-05-25T19:50:30.827199,ORY,NAT,2026-09-18,1189,,
2026-05-25T19:50:30.827201,ORY,NAT,2026-09-18,1253,,
2026-05-25T19:50:30.827204,ORY,NAT,2026-09-18,1756,,
2026-05-25T19:50:30.827206,ORY,NAT,2026-09-18,1986,,
2026-05-26T04:11:26.605561,ORY,NAT,2026-09-18,711,,
2026-05-26T04:11:26.605583,ORY,NAT,2026-09-18,938,,
2026-05-26T04:11:26.605588,ORY,NAT,2026-09-18,954,,
2026-05-26T04:11:26.605591,ORY,NAT,2026-09-18,1003,,
2026-05-26T04:11:26.605593,ORY,NAT,2026-09-18,1059,,
2026-05-26T04:11:26.605596,ORY,NAT,2026-09-18,1373,,
2026-05-26T04:11:26.605598,ORY,NAT,2026-09-18,1671,,
2026-05-26T04:11:26.605600,ORY,NAT,2026-09-18,1985,,
2026-05-26T10:10:46.865852,ORY,NAT,2026-09-18,711,,
2026-05-26T10:10:46.865873,ORY,NAT,2026-09-18,938,,
2026-05-26T10:10:46.865877,ORY,NAT,2026-09-18,955,,
2026-05-26T10:10:46.865880,ORY,NAT,2026-09-18,1004,,
2026-05-26T10:10:46.865883,ORY,NAT,2026-09-18,1060,,
2026-05-26T10:10:46.865885,ORY,NAT,2026-09-18,1374,,
2026-05-26T10:10:46.865887,ORY,NAT,2026-09-18,1672,,
2026-05-26T10:10:46.865889,ORY,NAT,2026-09-18,1986,,
2026-05-26T15:57:03.964352,ORY,NAT,2026-09-18,710,,
2026-05-26T15:57:03.964375,ORY,NAT,2026-09-18,937,,
2026-05-26T15:57:03.964380,ORY,NAT,2026-09-18,1002,,
2026-05-26T15:57:03.964383,ORY,NAT,2026-09-18,1058,,
2026-05-26T15:57:03.964385,ORY,NAT,2026-09-18,1372,,
2026-05-26T15:57:03.964388,ORY,NAT,2026-09-18,1669,,
2026-05-26T15:57:03.964390,ORY,NAT,2026-09-18,1983,,
2026-05-26T20:21:28.938881,ORY,NAT,2026-09-18,711,,
2026-05-26T20:21:28.938900,ORY,NAT,2026-09-18,938,,
2026-05-26T20:21:28.938904,ORY,NAT,2026-09-18,1003,,
2026-05-26T20:21:28.938907,ORY,NAT,2026-09-18,1012,,
2026-05-26T20:21:28.938910,ORY,NAT,2026-09-18,1048,,
2026-05-26T20:21:28.938912,ORY,NAT,2026-09-18,1059,,
2026-05-26T20:21:28.938915,ORY,NAT,2026-09-18,1373,,
2026-05-26T20:21:28.938917,ORY,NAT,2026-09-18,1671,,
2026-05-26T20:21:28.938919,ORY,NAT,2026-09-18,1985,,
2026-05-27T04:24:34.891940,ORY,NAT,2026-09-18,711,,
2026-05-27T04:24:34.891960,ORY,NAT,2026-09-18,938,,
2026-05-27T04:24:34.891964,ORY,NAT,2026-09-18,1004,,
2026-05-27T04:24:34.891967,ORY,NAT,2026-09-18,1013,,
2026-05-27T04:24:34.891970,ORY,NAT,2026-09-18,1049,,
2026-05-27T04:24:34.891972,ORY,NAT,2026-09-18,1059,,
2026-05-27T04:24:34.891975,ORY,NAT,2026-09-18,1374,,
2026-05-27T04:24:34.891977,ORY,NAT,2026-09-18,1672,,
2026-05-27T04:24:34.891979,ORY,NAT,2026-09-18,1986,,
2026-05-27T10:08:19.784251,ORY,NAT,2026-09-18,711,,
2026-05-27T10:08:19.784270,ORY,NAT,2026-09-18,939,,
2026-05-27T10:08:19.784274,ORY,NAT,2026-09-18,1004,,
2026-05-27T10:08:19.784277,ORY,NAT,2026-09-18,1013,,
2026-05-27T10:08:19.784280,ORY,NAT,2026-09-18,1060,,
2026-05-27T10:08:19.784283,ORY,NAT,2026-09-18,1374,,
2026-05-27T10:08:19.784285,ORY,NAT,2026-09-18,1672,,
2026-05-27T10:08:19.784287,ORY,NAT,2026-09-18,1987,,
2026-05-27T16:01:31.309387,ORY,NAT,2026-09-18,711,,
2026-05-27T16:01:31.309404,ORY,NAT,2026-09-18,938,,
2026-05-27T16:01:31.309408,ORY,NAT,2026-09-18,1003,,
2026-05-27T16:01:31.309411,ORY,NAT,2026-09-18,1012,,
2026-05-27T16:01:31.309414,ORY,NAT,2026-09-18,1059,,
2026-05-27T16:01:31.309416,ORY,NAT,2026-09-18,1373,,
2026-05-27T16:01:31.309419,ORY,NAT,2026-09-18,1671,,
2026-05-27T16:01:31.309421,ORY,NAT,2026-09-18,1985,,
2026-05-27T20:25:42.842332,ORY,NAT,2026-09-18,711,,
2026-05-27T20:25:42.842355,ORY,NAT,2026-09-18,937,,
2026-05-27T20:25:42.842360,ORY,NAT,2026-09-18,1003,,
2026-05-27T20:25:42.842363,ORY,NAT,2026-09-18,1012,,
2026-05-27T20:25:42.842366,ORY,NAT,2026-09-18,1058,,
2026-05-27T20:25:42.842368,ORY,NAT,2026-09-18,1372,,
2026-05-27T20:25:42.842370,ORY,NAT,2026-09-18,1670,,
2026-05-27T20:25:42.842372,ORY,NAT,2026-09-18,1984,,
2026-05-28T04:14:50.084668,ORY,NAT,2026-09-18,709,,
2026-05-28T04:14:50.084689,ORY,NAT,2026-09-18,936,,
2026-05-28T04:14:50.084693,ORY,NAT,2026-09-18,1001,,
2026-05-28T04:14:50.084696,ORY,NAT,2026-09-18,1001,,
2026-05-28T04:14:50.084699,ORY,NAT,2026-09-18,1010,,
2026-05-28T04:14:50.084701,ORY,NAT,2026-09-18,1370,,
2026-05-28T04:14:50.084704,ORY,NAT,2026-09-18,1667,,
2026-05-28T04:14:50.084706,ORY,NAT,2026-09-18,1981,,
2026-05-28T10:16:32.888862,ORY,NAT,2026-09-18,709,,
2026-05-28T10:16:32.888885,ORY,NAT,2026-09-18,945,,
2026-05-28T10:16:32.888890,ORY,NAT,2026-09-18,1001,,
2026-05-28T10:16:32.888893,ORY,NAT,2026-09-18,1001,,
2026-05-28T10:16:32.888895,ORY,NAT,2026-09-18,1011,,
2026-05-28T10:16:32.888898,ORY,NAT,2026-09-18,1046,,
2026-05-28T10:16:32.888900,ORY,NAT,2026-09-18,1370,,
2026-05-28T10:16:32.888902,ORY,NAT,2026-09-18,1668,,
2026-05-28T10:16:32.888905,ORY,NAT,2026-09-18,1981,,
2026-05-28T16:16:02.547281,ORY,NAT,2026-09-18,712,,
2026-05-28T16:16:02.547300,ORY,NAT,2026-09-18,949,,
2026-05-28T16:16:02.547304,ORY,NAT,2026-09-18,1005,,
2026-05-28T16:16:02.547307,ORY,NAT,2026-09-18,1005,,
2026-05-28T16:16:02.547310,ORY,NAT,2026-09-18,1014,,
2026-05-28T16:16:02.547312,ORY,NAT,2026-09-18,1050,,
2026-05-28T16:16:02.547314,ORY,NAT,2026-09-18,1375,,
2026-05-28T16:16:02.547317,ORY,NAT,2026-09-18,1674,,
2026-05-28T16:16:02.547319,ORY,NAT,2026-09-18,1988,,
2026-05-28T20:32:18.825533,ORY,NAT,2026-09-18,712,,
2026-05-28T20:32:18.825556,ORY,NAT,2026-09-18,948,,
2026-05-28T20:32:18.825561,ORY,NAT,2026-09-18,1004,,
2026-05-28T20:32:18.825564,ORY,NAT,2026-09-18,1004,,
2026-05-28T20:32:18.825566,ORY,NAT,2026-09-18,1014,,
2026-05-28T20:32:18.825569,ORY,NAT,2026-09-18,1049,,
2026-05-28T20:32:18.825571,ORY,NAT,2026-09-18,1375,,
2026-05-28T20:32:18.825573,ORY,NAT,2026-09-18,1673,,
2026-05-28T20:32:18.825575,ORY,NAT,2026-09-18,1987,,
2026-05-29T04:16:56.385394,ORY,NAT,2026-09-18,711,,
2026-05-29T04:16:56.385415,ORY,NAT,2026-09-18,948,,
2026-05-29T04:16:56.385419,ORY,NAT,2026-09-18,1003,,
2026-05-29T04:16:56.385422,ORY,NAT,2026-09-18,1003,,
2026-05-29T04:16:56.385425,ORY,NAT,2026-09-18,1013,,
2026-05-29T04:16:56.385427,ORY,NAT,2026-09-18,1048,,
2026-05-29T04:16:56.385430,ORY,NAT,2026-09-18,1374,,
2026-05-29T04:16:56.385432,ORY,NAT,2026-09-18,1671,,
2026-05-29T04:16:56.385434,ORY,NAT,2026-09-18,1986,,
2026-05-29T10:06:33.232707,ORY,NAT,2026-09-18,711,,
2026-05-29T10:06:33.232728,ORY,NAT,2026-09-18,1013,,
2026-05-29T10:06:33.232733,ORY,NAT,2026-09-18,1197,,
2026-05-29T10:06:33.232736,ORY,NAT,2026-09-18,1199,,
2026-05-29T10:06:33.232738,ORY,NAT,2026-09-18,1246,,
2026-05-29T10:06:33.232741,ORY,NAT,2026-09-18,1268,,
2026-05-29T10:06:33.232743,ORY,NAT,2026-09-18,1300,,
2026-05-29T10:06:33.232745,ORY,NAT,2026-09-18,1373,,
2026-05-29T10:06:33.232748,ORY,NAT,2026-09-18,1671,,
2026-05-29T10:06:33.232750,ORY,NAT,2026-09-18,1985,,
2026-05-29T15:58:26.521826,ORY,NAT,2026-09-18,714,,
2026-05-29T15:58:26.521849,ORY,NAT,2026-09-18,1016,,
2026-05-29T15:58:26.521853,ORY,NAT,2026-09-18,1202,,
2026-05-29T15:58:26.521856,ORY,NAT,2026-09-18,1203,,
2026-05-29T15:58:26.521859,ORY,NAT,2026-09-18,1251,,
2026-05-29T15:58:26.521861,ORY,NAT,2026-09-18,1273,,
2026-05-29T15:58:26.521863,ORY,NAT,2026-09-18,1304,,
2026-05-29T15:58:26.521866,ORY,NAT,2026-09-18,1378,,
2026-05-29T15:58:26.521868,ORY,NAT,2026-09-18,1677,,
2026-05-29T15:58:26.521871,ORY,NAT,2026-09-18,1992,,
2026-05-29T20:34:07.780425,ORY,NAT,2026-09-18,713,,
2026-05-29T20:34:07.780445,ORY,NAT,2026-09-18,1015,,
2026-05-29T20:34:07.780450,ORY,NAT,2026-09-18,1200,,
2026-05-29T20:34:07.780453,ORY,NAT,2026-09-18,1201,,
2026-05-29T20:34:07.780455,ORY,NAT,2026-09-18,1249,,
2026-05-29T20:34:07.780458,ORY,NAT,2026-09-18,1271,,
2026-05-29T20:34:07.780460,ORY,NAT,2026-09-18,1303,,
2026-05-29T20:34:07.780462,ORY,NAT,2026-09-18,1376,,
2026-05-29T20:34:07.780465,ORY,NAT,2026-09-18,1675,,
2026-05-29T20:34:07.780467,ORY,NAT,2026-09-18,1990,,
2026-05-30T04:01:35.711844,ORY,NAT,2026-09-18,713,,
2026-05-30T04:01:35.711864,ORY,NAT,2026-09-18,1015,,
2026-05-30T04:01:35.711868,ORY,NAT,2026-09-18,1200,,
2026-05-30T04:01:35.711871,ORY,NAT,2026-09-18,1201,,
2026-05-30T04:01:35.711874,ORY,NAT,2026-09-18,1249,,
2026-05-30T04:01:35.711876,ORY,NAT,2026-09-18,1271,,
2026-05-30T04:01:35.711878,ORY,NAT,2026-09-18,1303,,
2026-05-30T04:01:35.711881,ORY,NAT,2026-09-18,1376,,
2026-05-30T04:01:35.711883,ORY,NAT,2026-09-18,1675,,
2026-05-30T04:01:35.711886,ORY,NAT,2026-09-18,1990,,
2026-05-30T08:35:51.377607,ORY,NAT,2026-09-18,713,,
2026-05-30T08:35:51.377624,ORY,NAT,2026-09-18,1015,,
2026-05-30T08:35:51.377628,ORY,NAT,2026-09-18,1200,,
2026-05-30T08:35:51.377630,ORY,NAT,2026-09-18,1201,,
2026-05-30T08:35:51.377632,ORY,NAT,2026-09-18,1249,,
2026-05-30T08:35:51.377634,ORY,NAT,2026-09-18,1271,,
2026-05-30T08:35:51.377635,ORY,NAT,2026-09-18,1303,,
2026-05-30T08:35:51.377637,ORY,NAT,2026-09-18,1376,,
2026-05-30T08:35:51.377639,ORY,NAT,2026-09-18,1675,,
2026-05-30T08:35:51.377641,ORY,NAT,2026-09-18,1990,,
2026-05-30T13:54:56.192707,ORY,NAT,2026-09-18,713,,
2026-05-30T13:54:56.192726,ORY,NAT,2026-09-18,1015,,
2026-05-30T13:54:56.192730,ORY,NAT,2026-09-18,1200,,
2026-05-30T13:54:56.192732,ORY,NAT,2026-09-18,1202,,
2026-05-30T13:54:56.192734,ORY,NAT,2026-09-18,1249,,
2026-05-30T13:54:56.192736,ORY,NAT,2026-09-18,1272,,
2026-05-30T13:54:56.192738,ORY,NAT,2026-09-18,1303,,
2026-05-30T13:54:56.192740,ORY,NAT,2026-09-18,1377,,
2026-05-30T13:54:56.192741,ORY,NAT,2026-09-18,1675,,
2026-05-30T13:54:56.192743,ORY,NAT,2026-09-18,1990,,
2026-05-30T19:27:17.184591,ORY,NAT,2026-09-18,713,,
2026-05-30T19:27:17.184612,ORY,NAT,2026-09-18,1015,,
2026-05-30T19:27:17.184617,ORY,NAT,2026-09-18,1200,,
2026-05-30T19:27:17.184620,ORY,NAT,2026-09-18,1202,,
2026-05-30T19:27:17.184622,ORY,NAT,2026-09-18,1249,,
2026-05-30T19:27:17.184625,ORY,NAT,2026-09-18,1272,,
2026-05-30T19:27:17.184627,ORY,NAT,2026-09-18,1303,,
2026-05-30T19:27:17.184630,ORY,NAT,2026-09-18,1377,,
2026-05-30T19:27:17.184632,ORY,NAT,2026-09-18,1675,,
2026-05-30T19:27:17.184635,ORY,NAT,2026-09-18,1990,,
2026-05-31T04:27:00.480795,ORY,NAT,2026-09-18,713,,
2026-05-31T04:27:00.480812,ORY,NAT,2026-09-18,1015,,
2026-05-31T04:27:00.480817,ORY,NAT,2026-09-18,1200,,
2026-05-31T04:27:00.480820,ORY,NAT,2026-09-18,1202,,
2026-05-31T04:27:00.480822,ORY,NAT,2026-09-18,1249,,
2026-05-31T04:27:00.480825,ORY,NAT,2026-09-18,1272,,
2026-05-31T04:27:00.480827,ORY,NAT,2026-09-18,1303,,
2026-05-31T04:27:00.480829,ORY,NAT,2026-09-18,1377,,
2026-05-31T04:27:00.480832,ORY,NAT,2026-09-18,1675,,
2026-05-31T04:27:00.480834,ORY,NAT,2026-09-18,1990,,
2026-05-31T08:55:50.544489,ORY,NAT,2026-09-18,713,,
2026-05-31T08:55:50.544509,ORY,NAT,2026-09-18,1015,,
2026-05-31T08:55:50.544513,ORY,NAT,2026-09-18,1200,,
2026-05-31T08:55:50.544516,ORY,NAT,2026-09-18,1202,,
2026-05-31T08:55:50.544519,ORY,NAT,2026-09-18,1249,,
2026-05-31T08:55:50.544521,ORY,NAT,2026-09-18,1271,,
2026-05-31T08:55:50.544523,ORY,NAT,2026-09-18,1303,,
2026-05-31T08:55:50.544526,ORY,NAT,2026-09-18,1376,,
2026-05-31T08:55:50.544528,ORY,NAT,2026-09-18,1675,,
2026-05-31T08:55:50.544530,ORY,NAT,2026-09-18,1990,,
2026-05-31T13:59:57.344631,ORY,NAT,2026-09-18,713,,
2026-05-31T13:59:57.344654,ORY,NAT,2026-09-18,1015,,
2026-05-31T13:59:57.344659,ORY,NAT,2026-09-18,1200,,
2026-05-31T13:59:57.344661,ORY,NAT,2026-09-18,1202,,
2026-05-31T13:59:57.344664,ORY,NAT,2026-09-18,1249,,
2026-05-31T13:59:57.344667,ORY,NAT,2026-09-18,1271,,
2026-05-31T13:59:57.344669,ORY,NAT,2026-09-18,1303,,
2026-05-31T13:59:57.344671,ORY,NAT,2026-09-18,1376,,
2026-05-31T13:59:57.344674,ORY,NAT,2026-09-18,1675,,
2026-05-31T13:59:57.344676,ORY,NAT,2026-09-18,1990,,
2026-05-31T19:26:33.188166,ORY,NAT,2026-09-18,713,,
2026-05-31T19:26:33.188190,ORY,NAT,2026-09-18,1015,,
2026-05-31T19:26:33.188195,ORY,NAT,2026-09-18,1200,,
2026-05-31T19:26:33.188198,ORY,NAT,2026-09-18,1201,,
2026-05-31T19:26:33.188201,ORY,NAT,2026-09-18,1249,,
2026-05-31T19:26:33.188203,ORY,NAT,2026-09-18,1271,,
2026-05-31T19:26:33.188206,ORY,NAT,2026-09-18,1303,,
2026-05-31T19:26:33.188208,ORY,NAT,2026-09-18,1376,,
2026-05-31T19:26:33.188210,ORY,NAT,2026-09-18,1675,,
2026-05-31T19:26:33.188213,ORY,NAT,2026-09-18,1990,,
2026-06-01T04:58:17.781659,ORY,NAT,2026-09-18,712,,
2026-06-01T04:58:17.781678,ORY,NAT,2026-09-18,1014,,
2026-06-01T04:58:17.781682,ORY,NAT,2026-09-18,1197,,
2026-06-01T04:58:17.781683,ORY,NAT,2026-09-18,1200,,
2026-06-01T04:58:17.781685,ORY,NAT,2026-09-18,1247,,
2026-06-01T04:58:17.781686,ORY,NAT,2026-09-18,1270,,
2026-06-01T04:58:17.781688,ORY,NAT,2026-09-18,1301,,
2026-06-01T04:58:17.781689,ORY,NAT,2026-09-18,1374,,
2026-06-01T04:58:17.781690,ORY,NAT,2026-09-18,1673,,
2026-06-01T04:58:17.781692,ORY,NAT,2026-09-18,1987,,
2026-06-01T11:49:02.506278,ORY,NAT,2026-09-18,711,,
2026-06-01T11:49:02.506302,ORY,NAT,2026-09-18,1013,,
2026-06-01T11:49:02.506306,ORY,NAT,2026-09-18,1197,,
2026-06-01T11:49:02.506309,ORY,NAT,2026-09-18,1198,,
2026-06-01T11:49:02.506312,ORY,NAT,2026-09-18,1247,,
2026-06-01T11:49:02.506314,ORY,NAT,2026-09-18,1268,,
2026-06-01T11:49:02.506316,ORY,NAT,2026-09-18,1301,,
2026-06-01T11:49:02.506319,ORY,NAT,2026-09-18,1374,,
2026-06-01T11:49:02.506321,ORY,NAT,2026-09-18,1672,,
2026-06-01T11:49:02.506323,ORY,NAT,2026-09-18,1987,,
